{
  "best_model": "RandomForest",
  "n_train": 1971,
  "n_test": 220,
  "n_good": 887,
  "n_bad": 1304,
  "cv_f1_macro": 0.9704829943956973,
  "cv_auc": 0.9964698011130668,
  "test_f1_macro": 0.9621212121212122,
  "test_auc": 0.9942104811733425,
  "test_accuracy": 0.9636363636363636,
  "all_cv_models": {
    "RandomForest": {
      "f1_macro": 0.9704829943956973,
      "f1_macro_std": 0.0025760106451403145,
      "auc": 0.9964698011130668,
      "accuracy": 0.9715890252522008
    },
    "GradientBoosting": {
      "f1_macro": 0.9598930883881327,
      "f1_macro_std": 0.009465998353445929,
      "auc": 0.9947987858855984,
      "accuracy": 0.9614405962860632
    },
    "SVM": {
      "f1_macro": 0.9554487575742578,
      "f1_macro_std": 0.009906599785113561,
      "auc": 0.990633261364845,
      "accuracy": 0.9568797789629249
    },
    "MLP": {
      "f1_macro": 0.9286275239620023,
      "f1_macro_std": 0.01875491475725967,
      "auc": 0.9808746941982591,
      "accuracy": 0.9309914540898283
    }
  }
}